species	metabolism_data	speed_data	gill_area_data
Indostomus paradoxus	False	False	False
Liobagrus reinii	False	False	False
Schizothorax biddulphi	False	False	False
Solivomer arenidens	False	False	False
Pteragogus flagellifer	False	False	False
Aspasma minima	False	False	False
Gymnocypris dobula	False	False	False
Psilorhynchus homaloptera	False	False	False
Myctophum affine	False	False	False
Carinotetraodon lorteti	False	False	False
Halichoeres tenuispinis	False	False	False
Acreichthys tomentosus	False	False	False
Chaenophryne melanorhabdus	False	False	False
Onychostoma alticorpus	False	False	False
Labracoglossa argentiventris	False	False	False
Lycodes toyamensis	False	False	False
Micropterus dolomieu	False	False	True
Sardinops melanostictus	False	False	False
Cirrhinus mrigala	False	False	False
Hypoptychus dybowskii	False	False	False
Oryzias marmoratus	False	False	False
Paramormyrops gabonensis	False	False	False
Agonostomus monticola	False	False	False
Xenobalistes tumidipectoris	False	False	False
Sciaenops ocellatus	False	False	False
Leiocassis crassilabris	False	False	False
Pagellus bogaraveo	False	False	False
Cyprinus carpio	True	True	True
Danacetichthys galathenus	False	False	False
Polypterus delhezi	False	False	False
Hemibarbus longirostris	False	False	False
Paracheirodon innesi	False	False	False
Tylochromis polylepis	False	False	False
Derichthys serpentinus	False	False	False
Takifugu stictonotus	False	False	False
Microphysogobio koreensis	False	False	False
Myctophum nitidulum	False	False	False
Plagiognathops microlepis	False	False	False
Ariomma indica	False	False	False
Rhodeus pseudosericeus	False	False	False
Cyema atrum	False	False	False
Siniperca chuatsi	False	False	False
Perccottus glenii	False	False	False
Cubiceps pauciradiatus	False	False	False
Aulichthys japonicus	False	False	False
Anomalops katoptron	False	False	False
Krefftichthys anderssoni	False	False	False
Pythonichthys microphthalmus	False	False	False
Istiophorus platypterus	False	False	False
Pangasianodon hypophthalmus	False	False	False
Carassius gibelio	False	False	False
Hippocampus histrix	False	False	False
Valamugil cunnesius	False	False	False
Pholis crassispina	False	False	False
Chanodichthys mongolicus	False	False	False
Acanthurus leucosternon	False	False	False
Pungitius sinensis	False	False	False
Clupeichthys goniognathus	False	False	False
Helogenes marmoratus	False	False	False
Thyrsitoides marleyi	False	False	False
Crossorhombus azureus	False	False	False
Hemibarbus umbrifer	False	False	False
Megalops cyprinoides	False	False	False
Microphysogobio alticorpus	False	False	False
Hippoglossus hippoglossus	False	False	False
Johnius belangerii	False	False	False
Anguilla mossambica	False	False	False
Facciolella oxyrhyncha	False	False	False
Hepsetus odoe	False	False	False
Larimichthys polyactis	False	False	False
Opsariichthys uncirostris	False	False	False
Ehirava fluviatilis	False	False	False
Lethrinus obsoletus	False	False	False
Spratelloides delicatulus	False	False	False
Sinibrama macrops	False	False	False
Hemibagrus macropterus	False	False	False
Chilomycterus reticulatus	False	False	False
Notacanthus chemnitzi	False	False	False
Cyprinodon rubrofluviatilis	False	False	False
Aldrovandia affinis	False	False	False
Saurida undosquamis	False	False	False
Benthosema pterotum	False	False	False
Barbus barbus	False	False	False
Gila conspersa	False	False	False
Moringua edwardsi	False	False	False
Silurus meridionalis	False	False	False
Melanocetus murrayi	False	False	False
Pungitius pungitius	False	False	False
Genyomyrus donnyi	False	False	False
Mugil cephalus	True	True	True
Acipenser dabryanus	False	False	False
Sarcocheilichthys variegatus	False	False	False
Lycengraulis grossidens	False	False	False
Oryzias minutillus	False	False	False
Grammatobothus krempfi	False	False	False
Rhodeus shitaiensis	False	False	False
Scomber scombrus	False	True	True
Zalieutes elater	False	False	False
Catla catla	False	False	True
Cobitis striata	False	False	False
Ateleopus japonicus	False	False	False
Polypterus weeksii	False	False	False
Chitala lopis	False	False	False
Liobagrus anguillicauda	False	False	False
Oncorhynchus nerka	True	True	False
Polypterus ornatipinnis	False	False	False
Pseudobagrus trilineatus	False	False	False
Astyanax mexicanus	False	False	False
Chaunax abei	False	False	False
Cromeria nilotica	False	False	False
Oryzias dancena	False	False	False
Setipinna taty	False	False	False
Micropterus floridanus	False	False	False
Oncorhynchus clarkii	False	False	False
Gigantactis vanhoeffeni	False	False	False
Chionodraco myersi	False	False	False
Lampadena atlantica	False	False	False
Tribolodon brandtii	False	False	False
Alepocephalus australis	False	False	False
Hyperopisus bebe	False	False	False
Gagata dolichonema	False	False	False
Acanthaluteres brownii	False	False	False
Scomberomorus niphonius	False	False	False
Petrocephalus soudanensis	False	False	False
Labeo rohita	True	False	True
Porichthys myriaster	False	False	False
Pseudopungtungia tenuicorpus	False	False	False
Takifugu obscurus	False	False	False
Epinephelus fasciatomaculosus	False	False	False
Himantolophus albinares	False	False	False
Hyporhamphus sajori	False	False	False
Brachymystax lenok	False	False	False
Pelteobagrus fulvidraco	False	False	False
Coregonus oxyrinchus	False	False	False
Esox niger	False	False	False
Eubalichthys mosaicus	False	False	False
Nettastoma parviceps	False	False	False
Centrobranchus choerocephalus	False	False	False
Pseudobagrus truncatus	False	False	False
Leptoderma retropinna	False	False	False
Luciosoma bleekeri	False	False	False
Dorosoma cepedianum	True	False	False
Zebrias zebra	False	False	False
Chaunax pictus	False	False	False
Rhamphochromis esox	False	False	False
Oxuderces dentatus	False	False	False
Micromesistius poutassou	False	False	False
Lampanyctus crocodilus	False	False	False
Percopsis transmontana	False	False	False
Leptobarbus hoevenii	False	False	False
Koreocobitis rotundicaudata	False	False	False
Xenocypris argentea	False	False	False
Allocyttus niger	False	False	False
Ostracion immaculatus	False	False	False
Apareiodon affinis	False	False	False
Cynoponticus ferox	False	False	False
Acentrogobius pflaumii	False	False	False
Miichthys miiuy	False	False	False
Chalceus macrolepidotus	False	False	False
Cataetyx rubrirostris	False	False	False
Electrona antarctica	True	False	False
Takifugu exascurus	False	False	False
Sarcocheilichthys sinensis	False	False	False
Benthosema fibulatum	False	False	False
Neosalanx taihuensis	False	False	False
Aluterus scriptus	False	False	False
Muraenesox bagio	False	False	False
Oryzias luzonensis	False	False	False
Hypselecara temporalis	False	False	False
Rastrelliger brachysoma	False	False	False
Epinephelus latifasciatus	False	False	False
Pseudomonacanthus peroni	False	False	False
Pseudolabrus eoethinus	False	False	False
Coregonus lavaretus	False	False	False
Epinephelus sexfasciatus	False	False	False
Psilorhynchus sucatio	False	False	False
Brevoortia tyrannus	True	True	True
Bathyprion danae	False	False	False
Caristius macropus	False	False	False
Chirocentrus dorab	False	False	False
Batrachomoeus trispinosus	False	False	False
Chauliodus sloani	False	False	False
Cephalopholis boenak	False	False	False
Evoxymetopon poeyi	False	False	False
Lepisosteus oculatus	False	False	False
Gilchristella aestuaria	True	False	False
Acantopsis choirorhynchos	False	False	False
Scleropages formosus	False	False	False
Bathytroctes michaelsarsi	False	False	False
Clupeichthys perakensis	False	False	False
Talismania bifurcata	False	False	False
Anodontostoma chacunda	False	False	False
Trachurus japonicus	False	False	False
Osteochilus salsburyi	False	False	False
Kyphosus cinerascens	False	False	False
Pampus punctatissimus	False	False	False
Pentaceros japonicus	False	False	False
Bregmaceros nectabanus	False	False	False
Peprilus triacanthus	False	False	False
Coilia reynaldi	False	False	False
Anguilla bengalensis	False	False	False
Scarus schlegeli	False	False	False
Barbatula toni	False	False	False
Trigonostigma heteromorpha	False	False	False
Bolinichthys distofax	False	False	False
Channa maculata	False	False	False
Pungitius kaibarae	False	False	False
Rondeletia loricata	False	False	False
Silurus lanzhouensis	False	False	False
Puck pinnata	False	False	False
Siganus fuscescens	False	False	False
Herwigia kreffti	False	False	False
Euchiloglanis kishinouyei	False	False	False
Katsuwonus pelamis	True	True	True
Eutaeniophorus festivus	False	False	False
Lagocephalus laevigatus	False	False	False
Maulisia mauli	False	False	False
Himantolophus groenlandicus	False	False	False
Bathytroctes microlepis	False	False	False
Silurus glanis	False	False	False
Tenualosa thibaudeaui	False	False	False
Hippocampus kuda	False	False	False
Notoscopelus caudispinosus	False	False	False
Gillichthys mirabilis	True	False	False
Polyspina piosae	False	False	False
Ivindomyrus marchei	False	False	False
Boulengerella maculata	False	False	False
Reinhardtius hippoglossoides	False	False	False
Opsariichthys bidens	False	False	False
Coryphaena hippurus	False	False	False
Liobagrus kingi	False	False	False
Pseudotropheus crabro	False	False	False
Coregonus nasus	False	False	False
Physiculus japonicus	False	False	False
Lophiomus setigerus	False	False	False
Oncorhynchus gorbuscha	False	True	False
Ischikauia steenackeri	False	False	False
Melanogrammus aeglefinus	True	True	False
Alosa sapidissima	False	False	False
Mallotus villosus	False	False	False
Symbolophorus californiensis	True	False	False
Polymixia japonica	False	False	False
Diaphus gigas	False	False	False
Alepocephalus umbriceps	False	False	False
Canthigaster jactator	False	False	False
Canthigaster valentini	False	False	False
Hypophthalmichthys nobilis	False	False	False
Epinephelus merra	False	False	False
Tribolodon sachalinensis	False	False	False
Onychostoma barbatulum	False	False	False
Pteraclis aesticola	False	False	False
Lampris guttatus	False	False	False
Acrossocheilus wenchowensis	False	False	False
Oryzias celebensis	False	False	False
Clupea harengus	False	True	True
Zacco platypus	False	False	False
Tetraodon biocellatus	False	False	False
Gobiocypris rarus	False	False	False
Xyrauchen texanus	False	False	False
Amblydoras gonzalezi	False	False	False
Colomesus psittacus	False	False	False
Distichodus sexfasciatus	False	False	False
Lutjanus bengalensis	False	False	False
Chaetodermis penicilligera	False	False	False
Conocara macropterum	False	False	False
Tetragonurus atlanticus	False	False	False
Diaphus splendidus	False	False	False
Vaillantella maassi	False	False	False
Diaphus lucidus	False	False	False
Hemibarbus maculatus	False	False	False
Coelorinchus kishinouyei	False	False	False
Nealotus tripes	False	False	False
Acentrogobius chlorostigmatoides	False	False	False
Sprattus sprattus	False	True	False
Nematalosa come	False	False	False
Astatotilapia calliptera	False	False	False
Thunnus maccoyii	False	False	False
Percocypris pingi	False	False	False
Oreochromis aureus	True	False	False
Triacanthodes anomalus	False	False	False
Assurger anzac	False	False	False
Colisa lalia	False	False	False
Abudefduf vaigiensis	False	False	False
Ablennes hians	False	False	False
Pellona flavipinnis	False	False	False
Culaea inconstans	False	False	False
Bahaba taipingensis	False	False	False
Naso lopezi	False	False	False
Homaloptera leonardi	False	False	False
Nesiarchus nasutus	False	False	False
Bassozetus zenkevitchi	False	False	False
Aeoliscus strigatus	False	False	False
Gymnosarda unicolor	False	False	False
Anguilla malgumora	False	False	False
Xenotoca eiseni	False	False	False
Lagocephalus sceleratus	False	False	False
Clupanodon thrissa	False	False	False
Odonus niger	False	False	False
Lophius americanus	False	False	False
Xiphias gladius	False	True	False
Bostrychus sinensis	False	False	False
Pseudobagrus brevicaudatus	False	False	False
Simenchelys parasitica	False	False	False
Erpetoichthys calabaricus	True	False	False
Nemichthys scolopaceus	False	False	False
Gymnoscopelus nicholsi	False	False	False
Barbus trimaculatus	False	False	False
Coilia lindmani	False	False	False
Odax cyanomelas	False	False	False
Acrossocheilus hemispinus	False	False	False
Citharinus congicus	False	False	False
Sphoeroides parvus	False	False	False
Plotosus japonicus	False	False	False
Leptoderma macrophthalmum	False	False	False
Megalobrama amblycephala	False	False	False
Alosa pseudoharengus	False	True	False
Schizothorax macropogon	False	False	False
Myxus capensis	False	False	False
Alepocephalus bicolor	False	False	False
Tetraodon nigroviridis	False	False	False
Tridentiger bifasciatus	False	False	False
Rastrelliger kanagurta	False	False	False
Takifugu pardalis	False	False	False
Makaira mazara	False	False	False
Epinephelus bruneus	False	False	False
Pseudobalistes flavimarginatus	False	False	False
Moolgarda cunnesius	False	False	False
Glyptothorax fokiensis	False	False	False
Hydrolycus scomberoides	False	False	False
Anoplopoma fimbria	False	False	False
Lutjanus rivulatus	False	False	False
Takifugu oblongus	False	False	False
Misgurnus anguillicaudatus	False	False	False
Bathytroctes macrolepis	False	False	False
Aphredoderus sayanus	False	False	False
Rhinecanthus aculeatus	False	False	False
Gobiobotia brevibarba	False	False	False
Ilisha elongata	False	False	False
Atractosteus spatula	False	False	False
Paratilapia polleni	False	False	False
Sicyopterus japonicus	False	False	False
Gobiobotia macrocephala	False	False	False
Bufoceratias thele	False	False	False
Alburnus tarichi	False	False	False
Amanses scopas	False	False	False
Ceratias uranoscopus	False	False	False
Cynoglossus semilaevis	False	False	False
Myripristis berndti	False	False	False
Lepisosteus osseus	False	False	False
Thunnus orientalis	False	False	False
Triodon macropterus	False	False	False
Bathytroctes breviceps	False	False	False
Tor putitora	False	False	False
Sardina pilchardus	False	False	False
Rhinomugil nasutus	False	False	False
Acipenser ruthenus	False	False	False
Anguilla bicolor	False	False	False
Sagamichthys abei	True	False	False
Alosa alosa	False	False	False
Nansenia ardesiaca	False	False	False
Acheilognathus intermedia	False	False	False
Oreochromis mossambicus	True	False	False
Crenimugil crenilabis	False	False	False
Pseudohemiculter dispar	False	False	False
Anarhichas minor	True	False	False
Myctophum orientale	False	False	False
Sardinella maderensis	False	False	False
Jenkinsia lamprotaenia	False	False	False
Torquigener brevipennis	False	False	False
Niwaella delicata	False	False	False
Zebrasoma flavescens	False	False	False
Paraplagusia japonica	False	False	False
Petrocephalus microphthalmus	False	False	False
Chaenocephalus aceratus	True	False	True
Tinca tinca	True	False	True
Potamothrissa acutirostris	False	False	False
Thaumatichthys pagidostomus	False	False	False
Opistognathus jacksoniensis	False	False	False
Ancherythroculter nigrocauda	False	False	False
Sewellia lineolata	False	False	False
Potamalosa richmondia	False	False	False
Alepocephalus tenebrosus	False	False	False
Cheilinus undulatus	False	False	False
Tetraodon cutcutia	False	False	False
Pararasbora moltrechti	False	False	False
Hypophthalmichthys molitrix	False	False	False
Odontobutis platycephala	False	False	False
Chaca bankanensis	False	False	False
Anguilla australis	True	False	False
Aesopia cornuta	False	False	False
Lamprogrammus niger	False	False	False
Lates calcarifer	False	False	False
Schedophilus velaini	False	False	False
Morone saxatilis	True	True	True
Hoplias malabaricus	True	False	True
Clupea pallasii	False	False	False
Branchiostegus argentatus	False	False	False
Spratelloides gracilis	False	False	False
Anoplogaster cornuta	True	False	False
Microcanthus strigatus	False	False	False
Paralichthys olivaceus	False	False	False
Aethaloperca rogaa	False	False	False
Thunnus thynnus	False	True	True
Scopelengys tristis	True	False	False
Labeo batesii	False	False	False
Hemibarbus barbus	False	False	False
Cobitis sinensis	False	False	False
Icosteus aenigmaticus	False	False	False
Arothron manilensis	False	False	False
Schistura balteata	False	False	False
Salangichthys microdon	False	False	False
Schizothorax oconnori	False	False	False
Pterocaesio tile	False	False	False
Myctophum asperum	False	False	False
Pseudogobius javanicus	False	False	False
Synechogobius ommaturus	False	False	False
Toxotes chatareus	False	False	False
Parajulis poecilepterus	False	False	False
Pellonula vorax	False	False	False
Anyperodon leucogrammicus	False	False	False
Epinephelus akaara	True	False	False
Glossogobius circumspectus	False	False	False
Emmelichthys struhsakeri	False	False	False
Alepocephalus longiceps	False	False	False
Pelteobagrus eupogon	False	False	False
Trichomycterus areolatus	False	False	False
Ethmalosa fimbriata	False	False	False
Lefua echigonia	False	False	False
Pollimyrus adspersus	False	False	False
Elassoma zonatum	False	False	False
Paedocypris progenetica	False	False	False
Masturus lanceolatus	False	False	False
Salmo trutta	True	True	True
Benthosema glaciale	False	False	False
Rexea nakamurai	False	False	False
Platytroctes apus	False	False	False
Raiamas senegalensis	False	False	False
Arctoscopus japonicus	False	False	False
Cryptopsaras couesii	False	False	False
Stiphodon alcedo	False	False	False
Promethichthys prometheus	False	False	False
Schizothorax wangchiachii	False	False	False
Tetraodon mbu	False	False	False
Acanthopagrus schlegelii	True	False	False
Pseudexostoma yunnanensis	False	False	False
Procypris rabaudi	False	False	False
Galaxias gollumoides	False	False	False
Oreoleuciscus potanini	False	False	False
Hiodon tergisus	False	False	False
Zeus faber	False	True	True
Lampanyctus macdonaldi	False	False	False
Sinocyclocheilus altishoulderus	False	False	False
Yaoshanicus arcus	False	False	False
Coreoleuciscus splendidus	False	False	False
Epinephelus lanceolatus	False	False	False
Scarus ghobban	False	False	False
Pagrus major	False	False	True
Chaunax tosaensis	False	False	False
Rasbora cephalotaenia	False	False	False
Variola louti	False	False	False
Notoscopelus elongatus	False	False	False
Sinogastromyzon puliensis	False	False	False
Cottus reinii	False	False	False
Takifugu niphobles	False	False	False
Siniperca scherzeri	False	False	False
Glossogobius olivaceus	False	False	False
Cyphomyrus discorhynchus	False	False	False
Johnius grypotus	False	False	False
Sphoeroides pachygaster	False	False	False
Homatula variegatus	False	False	False
Sillago sihama	False	False	False
Gymnotus carapo	False	False	False
Corydoras rabauti	False	False	False
Luvarus imperialis	False	False	False
Luciobarbus capito	False	False	False
Sebastiscus marmoratus	False	False	False
Epinephelus areolatus	False	False	False
Leuciscus waleckii	False	False	False
Exocoetus volitans	False	False	False
Cypselurus hiraii	False	False	False
Lutjanus malabaricus	False	False	False
Rhynchactis macrothrix	False	False	False
Microthrissa congica	False	False	False
Electrophorus electricus	False	False	False
Cetostoma regani	False	False	False
Schizothorax richardsonii	False	False	False
Pristipomoides multidens	False	False	False
Abramis brama	True	True	False
Glaridoglanis andersonii	False	False	False
Seriola quinqueradiata	True	False	True
Gudusia chapra	False	False	False
Esox lucius	True	True	True
Dactyloptena tiltoni	False	False	False
Astronotus ocellatus	True	False	False
Tridentiger barbatus	False	False	False
Carnegiella strigata	False	False	False
Xenocypris davidi	False	False	False
Engraulis japonicus	True	False	False
Conger myriaster	False	False	False
Nicholsicypris normalis	False	False	False
Boreogadus saida	True	False	False
Hyperlophus vittatus	False	False	False
Onychostoma lini	False	False	False
Chilodus punctatus	False	False	False
Girella punctata	False	False	False
Galaxias maculatus	False	True	False
Gymnarchus niloticus	False	False	False
Sphoeroides annulatus	False	False	False
Verasper moseri	False	False	False
Anguilla obscura	False	False	False
Ataxolepis apus	False	False	False
Gymnocypris eckloni	False	False	False
Lagocephalus wheeleri	False	False	False
Arothron hispidus	False	False	False
Lutjanus kasmira	False	False	False
Halichoeres melanurus	False	False	False
Glyptosternon maculatum	False	False	False
Rhodeus uyekii	False	False	False
Hemiodopsis gracilis	False	False	False
Rhinomuraena quaesita	False	False	False
Tenualosa ilisha	False	False	True
Anguilla japonica	True	False	False
Puntius ticto	True	False	False
Chitala blanci	False	False	False
Xenodermichthys copei	False	False	False
Sundasalanx mekongensis	False	False	False
Harpadon nehereus	False	False	False
Micropterus salmoides	True	True	False
Monacanthus chinensis	False	False	False
Sargocentron rubrum	False	False	False
Anarhichas denticulatus	False	False	False
Albula glossodonta	False	False	False
Pelagocephalus marki	False	False	False
Poromitra oscitans	False	False	False
Leptochilichthys agassizii	False	False	False
Moringua microchir	False	False	False
Branchiostegus albus	False	False	False
Abalistes stellaris	False	False	False
Champsocephalus gunnari	False	False	False
Oreoglanis macropterus	False	False	False
Dimidiochromis compressiceps	True	False	False
Scobinichthys granulatus	False	False	False
Gnathopogon elongatus	False	False	False
Malapterurus electricus	False	False	False
Harengula jaguana	False	False	False
Acrossocheilus monticola	False	False	False
Notothenia coriiceps	True	False	False
Chromobotia macracanthus	False	False	False
Thunnus tonggol	False	False	False
Thunnus obesus	False	True	False
Pollachius virens	False	True	True
Takifugu porphyreus	False	False	False
Tylerius spinosissimus	False	False	False
Labeo senegalensis	False	False	False
Lepomis cyanellus	True	False	False
Sander canadensis	False	False	False
Triplophysa bleekeri	False	False	False
Pelteobagrus vachellii	False	False	False
Mola mola	False	False	True
Zu cristatus	False	False	False
Nimbochromis linni	False	False	False
Pagrus auriga	False	False	False
Carassius carassius	True	False	False
Micropercops swinhonis	False	False	False
Linophryne bicornis	False	False	False
Beryx decadactylus	False	False	False
Amphiprion ocellaris	False	False	False
Parazen pacificus	False	False	False
Trachinotus ovatus	False	False	False
Amphiprion bicinctus	False	False	False
Salarias fasciatus	False	False	False
Sprattus antipodum	False	False	False
Fundulus olivaceus	False	False	False
Microphysogobio longidorsalis	False	False	False
Epinephelus fuscoguttatus	False	False	False
Gnathonemus petersii	True	False	False
Acipenser gueldenstaedtii	True	False	False
Myctophum punctatum	False	False	False
Hara jerdoni	False	False	False
Cephalopholis argus	False	False	False
Ilisha africana	False	False	False
Auxis thazard	False	False	False
Siniperca knerii	False	False	False
Onychostoma barbatum	False	False	False
Pseudolaubuca engraulis	False	False	False
Mylopharyngodon piceus	False	True	False
Chlorophthalmus agassizi	False	False	False
Carpiodes carpio	False	False	False
Parahucho perryi	False	False	False
Pomatomus saltatrix	False	False	False
Spinibarbus denticulatus	False	False	False
Clupeichthys aesarnensis	False	False	False
Rhinogobius giurinus	False	False	False
Ceratoscopelus maderensis	False	False	False
Gyrinomimus sp.	False	False	False
Tetractenos glaber	False	False	False
Aphyocypris chinensis	False	False	False
Diretmoides veriginae	False	False	False
Trachyrincus murrayi	False	False	False
Stylephorus chordatus	False	False	False
Trichiurus japonicus	False	False	True
Sprattus muelleri	False	False	False
Lophiogobius ocellicauda	False	False	False
Synodus variegatus	False	False	False
Pellonula leonensis	False	False	False
Escualosa thoracata	False	False	False
Polypterus teugelsi	False	False	False
Acipenser transmontanus	True	False	False
Melichthys vidua	False	False	False
Brachyhypopomus occidentalis	False	False	False
Spicara maena	False	False	True
Histrio histrio	False	False	False
Diaphus chrysorhynchus	False	False	False
Polypterus ansorgii	False	False	False
Coreoperca kawamebari	False	False	False
Brevimyrus niger	False	False	False
Plectropomus leopardus	False	False	False
Catostomus commersonii	True	False	True
Channa argus	False	False	False
Pseudopentaceros richardsoni	False	False	False
Microphysogobio brevirostris	False	False	False
Colomesus asellus	False	False	False
Arripis trutta	False	False	False
Konosirus punctatus	False	False	False
Etroplus maculatus	False	False	False
Cantherhines pardalis	False	False	False
Auxis rochei	False	True	False
Pseudalutarius nasicornis	False	False	False
Squaliobarbus curriculus	False	False	False
Hemibarbus mylodon	False	False	False
Amazonsprattus scintilla	False	False	False
Mylocheilus caurinus	False	False	False
Oxyurichthys formosanus	False	False	False
Pterapogon kauderni	False	False	False
Polypterus endlicherii	False	False	False
Cephalopholis sonnerati	False	False	False
Brienomyrus brachyistius	False	False	False
Stolephorus chinensis	False	False	False
Hucho taimen	False	False	False
Cheilochromis euchilus	False	False	False
Anguilla rostrata	True	False	True
Polyodon spathula	False	False	False
Pareutropius debauwi	False	False	False
Acentrophryne dolichonema	False	False	False
Acheilognathus koreensis	False	False	False
Hapalogenys nigripinnis	False	False	False
Neoscopelus microchir	False	False	False
Pterygoplichthys disjunctivus	False	False	False
Microrasbora erythromicron	False	False	False
Benthodesmus tenuis	False	False	False
Centromochlus perugiae	False	False	False
Bathylaco nigricans	False	False	False
Narcetes erimelas	False	False	False
Anoplocapros lenticularis	False	False	False
Triphoturus nigrescens	False	False	False
Glyptothorax trilineatus	False	False	False
Macroramphosus scolopax	False	False	False
Merluccius merluccius	False	True	False
Etrumeus micropus	False	False	False
Boraras maculatus	False	False	False
Euthynnus alletteratus	False	False	True
Spinachia spinachia	True	True	False
Tetraodon miurus	False	False	False
Meuschenia hippocrepis	False	False	False
Phoxinus phoxinus	False	False	False
Aspidoparia morar	False	False	False
Culter mongolicus	False	False	False
Chanodichthys dabryi	False	False	False
Erimyzon oblongus	True	False	False
Oncorhynchus kisutch	True	True	False
Acanthurus lineatus	False	False	False
Anguilla dieffenbachii	False	False	False
Larimichthys crocea	False	False	False
Schizopygopsis younghusbandi	False	False	False
Campostoma anomalum	True	False	False
Aphyocypris kikuchii	False	False	False
Nannobrachium ritteri	True	False	False
Tetrabrachium ocellatum	False	False	False
Hyporthodus octofasciatus	False	False	False
Paracirrhites arcatus	False	False	False
Triacanthus biaculeatus	False	False	False
Cromeria occidentalis	False	False	False
Etheostoma radiosum	False	False	False
Moxostoma congestum	False	False	False
Labichthys carinatus	False	False	False
Carinotetraodon salivator	False	False	False
Tropheus duboisi	False	False	False
Oncorhynchus tshawytscha	True	True	False
Hucho bleekeri	False	False	False
Elassoma evergladei	False	False	False
Dactyloptena peterseni	False	False	False
Plectropomus areolatus	False	False	False
Oncorhynchus mykiss	True	True	True
Sciades seemanni	False	False	False
Hypoatherina tsurugae	False	False	False
Scomber colias	False	False	False
Ptychochromoides katria	False	False	False
Ethmidium maculatum	False	False	False
Oneirodes thompsoni	False	False	False
Psenes pellucidus	False	False	False
Hypoplectrus gemma	False	False	False
Hemigrammocypris rasborella	False	False	False
Cynoglossus abbreviatus	False	False	False
Campylomormyrus numenius	False	False	False
Anguilla reinhardtii	False	False	False
Acheilognathus signifer	False	False	False
Ariosoma shiroanago	False	False	False
Sardinella albella	False	False	False
Rhynchocypris kumgangensis	False	False	False
Trixiphichthys weberi	False	False	False
Squalidus wolterstorffi	False	False	False
Coilia mystus	False	False	False
Gymnocypris namensis	False	False	False
Stenobrachius leucopsarus	True	False	False
Merlangius merlangus	False	True	True
Lebiasina astrigata	False	False	False
Marilyna darwinii	False	False	False
Ariomma lurida	False	False	False
Gyrinomimus myersi	False	False	False
Psephurus gladius	False	False	False
Cottus poecilopus	False	False	False
Blicca bjoerkna	False	False	True
Salanx ariakensis	False	False	False
Coilia nasus	False	False	False
Denticeps clupeoides	False	False	False
Luciogobius platycephalus	False	False	False
Epinephelus epistictus	False	False	False
Mastacembelus favus	False	False	False
Kaupichthys hyoproroides	False	False	False
Notolychnus valdiviae	False	False	False
Minytrema melanops	False	False	False
Hippocampus comes	False	False	False
Danio rerio	False	False	False
Auriglobus modestus	False	False	False
Alepocephalus productus	False	False	False
Bathygadus antrodes	False	False	False
Apeltes quadracus	False	False	False
Pseudopungtungia nigra	False	False	False
Anguilla celebesensis	False	False	False
Alepocephalus bairdii	False	False	False
Dendrophysa russelii	False	False	False
Leporinus affinis	False	False	False
Liobagrus obesus	False	False	False
Raiamas guttatus	False	False	False
Luciosoma setigerum	False	False	False
Lophiodes caulinaris	False	False	False
Percina macrolepida	False	False	False
Potamothrissa obtusirostris	False	False	False
Diagramma picta	False	False	False
Salvelinus fontinalis	True	False	False
Rasbora vaterifloris	False	False	False
Cromileptes altivelis	False	False	False
Lipolagus ochotensis	True	False	False
Puntius snyderi	False	False	False
Neolamprologus brichardi	True	False	False
Caranx melampygus	False	False	False
Xenomystus nigri	False	False	False
Anguilla marmorata	False	False	False
Liobagrus nigricauda	False	False	False
Diaphus theta	True	False	False
Epinephelus moara	False	False	False
Istiophorus albicans	False	False	False
Scatophagus argus	False	False	False
Aulorhynchus flavidus	False	False	False
Puntius semifasciolatus	False	False	False
Phenacobius mirabilis	False	False	False
Diretmus argenteus	False	False	False
Chaenomugil proboscideus	False	False	False
Paramonacanthus choirocephalus	False	False	False
Pelecus cultratus	False	False	False
Horadandia atukorali	False	False	False
Gadus chalcogrammus	True	False	False
Brienomyrus niger	False	False	False
Boleophthalmus pectinirostris	False	False	False
Pleuragramma antarcticum	False	False	False
Barbonymus gonionotus	False	False	False
Epinephelus septemfasciatus	False	False	False
Diplacanthopoma brachysoma	False	False	False
Psetta maxima	True	False	False
Diaphus luetkeni	False	False	False
Helicolenus avius	False	False	False
Histiopterus typus	False	False	False
Thunnus albacares	False	True	True
Thamnaconus modestus	False	False	False
Synbranchus marmoratus	True	False	False
Trachinops taeniatus	False	False	False
Siniperca obscura	False	False	False
Pennahia argentata	False	False	False
Notopterus notopterus	False	False	False
Clupeoides borneensis	False	False	False
Neocyttus rhomboidalis	False	False	False
Leptobotia elongata	False	False	False
Petrotilapia nigra	False	False	False
Scomber australasicus	False	False	False
Ammodytes hexapterus	False	False	False
Aptocyclus ventricosus	False	False	False
Anguilla megastoma	False	False	False
Stemonidium hypomelas	False	False	False
Salmo salar	True	False	False
Sphoeroides testudineus	False	False	False
Heniochus diphreutes	False	False	False
Barbourisia rufa	False	False	False
Parapristipoma trilineatum	False	False	False
Menidia menidia	False	False	False
Acipenser baerii	False	False	False
Xanthichthys auromarginatus	False	False	False
Antennarius coccineus	False	False	False
Bagarius yarrelli	False	False	False
Bajacalifornia megalops	False	False	False
Neoceratias spinifer	False	False	False
Cyprinella lutrensis	True	False	False
Parachanna insignis	False	False	False
Phoxinus oxycephalus	False	False	False
Sufflamen fraenatum	False	False	False
Eumegistus illustris	False	False	False
Pangio anguillaris	False	False	False
Misgurnus nikolskyi	False	False	False
Fundulus grandis	True	False	False
Mene maculata	False	False	False
Thymallus thymallus	False	False	False
Polypterus bichir	False	False	False
Gasterosteus aculeatus	True	True	False
Prosopium cylindraceum	False	False	False
Diceratias pileatus	False	False	False
Fistularia commersonii	False	False	False
Takifugu rubripes	False	False	False
Isichthys henryi	False	False	False
Parabramis pekinensis	False	False	False
Leucaspius delineatus	True	True	False
Sinibotia superciliaris	False	False	False
Oncorhynchus keta	False	False	False
Anguilla interioris	False	False	False
Helicolenus hilgendorfi	False	False	False
Kuhlia mugil	False	False	False
Cobitis takatsuensis	False	False	False
Creteuchiloglanis kamengensis	False	False	False
Pygocentrus nattereri	True	False	False
Variola albimarginata	False	False	False
Fundulus heteroclitus	True	False	False
Notropis stramineus	False	False	False
Cirrhinus molitorella	False	False	False
Argyrosomus japonicus	False	False	False
Lycothrissa crocodilus	False	False	False
Pseudecheneis sulcata	False	False	False
Malthopsis jordani	False	False	False
Branchiostegus japonicus	False	False	False
Gonorynchus greyi	False	False	False
Conocara murrayi	False	False	False
Collichthys lucidus	False	False	False
Trachurus trachurus	False	False	True
Acipenser sinensis	False	False	False
Acheilognathus yamatsutae	False	False	False
Odaxothrissa losera	False	False	False
Hypentelium nigricans	False	False	False
Arothron mappa	False	False	False
Ditrema temminckii	False	False	False
Epinephelus awoara	False	False	False
Microphis brachyurus	False	False	False
Carapus bermudensis	False	False	False
Coelophrys brevicaudata	False	False	False
Doederleinia berycoides	False	False	False
Canthigaster rivulata	False	False	False
Hippocampus trimaculatus	False	False	False
Arctogadus glacialis	False	False	False
Anguilla anguilla	True	False	True
Apteronotus albifrons	False	False	False
Myrichthys maculosus	False	False	False
Robinsia catherinae	False	False	False
Kurtus gulliveri	False	False	False
Melanotaenia lacustris	False	False	False
Tenualosa toli	False	False	False
Pseudorasbora elongata	False	False	False
Lampadena yaquinae	False	False	False
Sinocyclocheilus furcodorsalis	False	False	False
Parataeniophorus gulosus	False	False	False
Solea senegalensis	False	False	False
Pelteobagrus nitidus	False	False	False
Gasterochisma melampus	False	False	False
Hexagrammos agrammus	False	False	False
Rhynchopelates oxyrhynchus	False	False	False
Elops saurus	False	False	False
Paraconger notialis	False	False	False
Scartelaos histophorus	False	False	True
Xiphophorus maculatus	False	False	False
Solenostomus cyanopterus	False	False	False
Halieutaea stellata	False	False	False
Lutjanus sebae	False	False	False
Oreochromis niloticus	True	False	True
Sicamugil cascasia	False	False	False
Notemigonus crysoleucas	True	False	False
Papyrocranus congoensis	False	False	False
Takifugu vermicularis	False	False	False
Bunocephalus coracoideus	False	False	False
Monopterus albus	False	False	False
Acanthogobius hasta	False	False	False
Paretroplus maculatus	False	False	False
Jordanella floridae	False	False	False
Sarotherodon melanotheron	False	False	False
Opisthoproctus soleatus	False	False	False
Lactoria diaphana	False	False	False
Cottus hangiongensis	False	False	False
Setipinna melanochir	False	False	False
Glossanodon semifasciatus	False	False	False
Pimelodus pictus	False	False	False
Carassius auratus	True	True	True
Gymnogobius petschiliensis	False	False	False
Engraulis encrasicolus	False	False	True
Dallia pectoralis	False	False	False
Rhyacichthys aspro	False	False	False
Hyperoglyphe japonica	False	False	False
Crenuchus spilurus	False	False	False
Hapalogenys analis	False	False	False
Alburnus alburnus	True	True	False
Ruvettus pretiosus	False	False	False
Tetrapturus angustirostris	False	False	False
Mugil curema	True	False	False
Rasbora steineri	False	False	False
Macrochirichthys macrochirus	False	False	False
Plecoglossus altivelis	True	False	False
Epinephelus quoyanus	False	False	False
Polypterus senegalus	False	False	False
Ijimaia dofleini	False	False	False
Eurypegasus draconis	False	False	False
Pareuchiloglanis gracilicaudata	False	False	False
Ctenolucius hujeta	False	False	False
Ictalurus punctatus	True	False	False
Satyrichthys amiscus	False	False	False
Tetrapturus audax	False	True	False
Apogon semilineatus	False	False	False
Omegophora armilla	False	False	False
Balistoides conspicillum	False	False	False
Diodon holocanthus	False	False	False
Notoscopelus japonicus	False	False	False
Saccopharynx lavenbergi	False	False	False
Esomus metallicus	False	False	False
Sarcocheilichthys nigripinnis	False	False	False
Takifugu xanthopterus	False	False	False
Lutjanus russellii	False	False	False
Aplocheilus panchax	False	False	False
Galaxiella nigrostriata	False	False	False
Gadus morhua	True	True	False
Ctenopharyngodon idella	True	False	True
Coryphaena equiselis	False	False	False
Dysalotus alcocki	False	False	False
Scomber japonicus	False	True	False
Siganus unimaculatus	False	False	False
Gadus ogac	True	False	False
Acheilognathus somjinensis	False	False	False
Phoxinus eos	False	False	False
Phoxinus steindachneri	False	False	False
Synodontis schoutedeni	False	False	False
Umbra pygmaea	False	False	False
Sinocyclocheilus grahami	False	False	False
Gobiobotia naktongensis	False	False	False
Torquigener hypselogeneion	False	False	False
Avocettina infans	False	False	False
Protoanguilla palau	False	False	False
Cobitis choii	False	False	False
Osteoglossum bicirrhosum	False	False	False
Grasseichthys gabonensis	False	False	False
Hypomesus nipponensis	False	False	False
Rhynchocypris lagowskii	False	False	False
Icichthys lockingtoni	False	False	False
Scaphiodonichthys acanthopterus	False	False	False
Gonorynchus abbreviatus	False	False	False
Gymnocypris przewalskii	False	False	False
Chelonodon pleurospilus	False	False	False
Takifugu chinensis	False	False	False
Labracinus cyclophthalmus	False	False	False
Salmostoma bacaila	False	False	False
Paralaubuca typus	False	False	False
Huso huso	False	False	False
Callionymus curvicornis	False	False	False
Pseudorasbora pumila	False	False	False
Stephanolepis cirrhifer	False	False	False
Enoplosus armatus	False	False	False
Xiphophorus hellerii	True	False	False
Anarhichas lupus	False	False	False
Lota lota	True	False	True
Marcusenius senegalensis	False	False	False
Rachycentron canadum	False	False	False
Torquigener pleurogramma	False	False	False
Nelusetta ayraudi	False	False	False
Acipenser schrenckii	False	False	False
Barilius bendelisis	False	False	False
Aulostomus chinensis	False	False	False
Takifugu ocellatus	False	False	False
Polypterus retropinnis	False	False	False
Lutjanus argentimaculatus	False	False	False
Paraluteres prionurus	False	False	False
Platichthys stellatus	True	False	False
Gobio gobio	True	False	False
Ammodytes personatus	False	False	False
Balistapus undulatus	False	False	False
Taaningichthys minimus	False	False	False
Coregonus clupeaformis	False	False	False
Distoechodon tumirostris	False	False	False
Phoxinus perenurus	False	False	False
Retropinna retropinna	False	False	False
Pungtungia herzi	False	False	False
Onychostoma simum	False	False	False
Trigonostigma espei	False	False	False
Acheilognathus macropterus	False	False	False
Oplegnathus punctatus	False	False	False
Tropheus moorii	True	False	False
Tanichthys albonubes	False	False	False
Pseudogobio esocinus	False	False	False
Rudarius ercodes	False	False	False
Hemibarbus labeo	False	False	False
Notoscopelus kroyeri	False	False	False
Schizothorax waltoni	False	False	False
Puntius chalakkudiensis	False	False	False
Scopelogadus mizolepis	True	False	False
Sebates schlegeli	False	False	False
Carangoides armatus	False	False	False
Metzia formosae	False	False	False
Coilia ectenes	False	False	False
Pellona ditchela	False	False	False
Kentrocapros aculeatus	False	False	False
Kareius bicoloratus	False	False	False
Polymixia lowei	False	False	False
Koreocobitis naktongensis	False	False	False
Parargyrops edita	False	False	False
Arothron firmamentum	False	False	False
Saurogobio dumerili	False	False	False
Sphyraena japonica	False	False	False
Gambusia affinis	True	False	False
Ophisurus macrorhynchos	False	False	False
Sphyraena barracuda	False	False	False
Lagocephalus lagocephalus	False	False	False
Antennarius striatus	False	False	False
Takifugu snyderi	False	False	False
Heterotis niloticus	False	False	False
Caulophryne pelagica	False	False	False
Garra orientalis	False	False	False
Tetranematichthys quadrifilis	False	False	False
Oryzias latipes	True	False	False
Cranoglanis bouderius	False	False	False
Fundulus diaphanus	False	False	False
Bertella idiomorpha	False	False	False
Sundasalanx praecox	False	False	False
Phoxinus percnurus	False	False	False
Gila robusta	False	False	False
Centropyge loricula	False	False	False
Chitala ornata	False	False	False
Nessorhamphus ingolfianus	False	False	False
Epinephelus coioides	False	False	False
Tor sinensis	False	False	False
Gillichthys seta	False	False	False
Coloconger cadenati	False	False	False
Trematocranus placodon	False	False	False
Rinoctes nasutus	False	False	False
Synaphobranchus kaupii	False	False	False
Phenacogrammus interruptus	False	False	False
Thunnus alalunga	True	False	False
Oryzias melastigma	False	False	False
Oedalechilus labeo	False	False	False
Pseudobagrus brevicorpus	False	False	False
Narcetes stomias	False	False	False
Clupeonella cultriventris	False	False	False
Scorpis lineolata	False	False	False
Cololabis saira	False	False	False
Triplophysa stoliczkai	False	False	False
Chaetodontoplus septentrionalis	False	False	False
Labeo bata	False	False	False
Beryx splendens	False	False	False
Silurus asotus	False	False	False
Aldrichetta forsteri	False	False	False
Monocentris japonicus	False	False	False
Mesocottus haitej	False	False	False
Perca flavescens	True	False	False
Pangasianodon gigas	False	False	False
Anguilla luzonensis	False	False	False
Triso dermopterus	False	False	False
Gasterosteus wheatlandi	False	False	False
Coreius heterodon	False	False	False
Rhodeus ocellatus	False	False	False
Oryzias sinensis	False	False	False
Danio dangila	False	False	False
Danionella mirifica	False	False	False
Hippoglossus stenolepis	False	False	False
Odontamblyopus rubicundus	False	False	False
Collichthys niveatus	False	False	False
Myomyrus macrops	False	False	False
Stenodus leucichthys	False	False	False
Alepocephalus agassizii	False	False	False
Zenopsis nebulosus	False	False	False
Pseudolabrus sieboldi	False	False	False
Gnathopogon strigatus	False	False	False
Chelon labrosus	True	False	False
Chelonodon patoca	False	False	False
Chanos chanos	True	False	False
Gymnothorax kidako	False	False	False
Theragra finnmarchica	False	False	False
Canthigaster coronata	False	False	False
Rhodeus suigensis	False	False	False
Tetragonurus cuvieri	False	False	False
Biwia zezera	False	False	False
Nannoperca obscura	False	False	False
Trachipterus trachipterus	False	False	False
Heteropneustes fossilis	True	False	True
Curimatopsis evelynae	False	False	False
Pseudopentaceros wheeleri	False	False	False
Liobagrus marginatoides	False	False	False
Taractes asper	False	False	False
Thymallus arcticus	True	False	False
Brachaluteres ulvarum	False	False	False
Coreius guichenoti	False	False	False
Petroscirtes breviceps	False	False	False
Leptoderma lubricum	False	False	False
Ventrifossa garmani	False	False	False
Lutjanus erythropterus	False	False	False
Nannoperca australis	False	False	False
Hoplostethus japonicus	False	False	False
Platax orbicularis	False	False	False
Gempylus serpens	False	False	False
Oplegnathus fasciatus	False	False	False
Pantodon buchholzi	False	False	False
Myxocyprinus asiaticus	False	False	False
Hoplunnis punctata	False	False	False
Halichoeres trimaculatus	False	False	False
Phractolaemus ansorgii	False	False	False
Culter alburnus	False	False	False
Oncorhynchus masou	False	False	False
Megalops atlanticus	False	False	False
Amia calva	False	False	False
Takifugu poecilonotus	False	False	False
Gyrinocheilus aymonieri	False	False	False
Exostoma labiatum	False	False	False
Scomberomorus cavalla	False	False	False
Zacco sieboldii	False	False	False
Ilyophis brunneus	False	False	False
Makaira indica	False	True	False
Seriola dumerili	False	False	False
Verasper variegatus	False	False	False
Pseudorasbora parva	False	False	False
Lateolabrax japonicus	False	False	False
Psettodes erumei	False	False	False
Microdevario nana	False	False	False
Caulophryne jordani	False	False	False
Pangasius larnaudii	False	False	False
Kali indica	False	False	False
Chondrostoma lemmingii	False	False	False
Crossostoma lacustre	False	False	False
Petrochromis trewavasae	False	False	False
Cyprinella spiloptera	False	False	False
Psenopsis anomala	False	False	False
Trachidermus fasciatus	False	False	False
Ictiobus bubalus	False	False	False
Chlorurus sordidus	False	False	False
Zenion japonicum	False	False	False
Moxostoma poecilurum	False	False	False
Rasbora daniconius	False	False	False
Anarchias sp.	False	False	False
Rivulus marmoratus	False	False	False
Nibea albiflora	False	False	False
Acanthopagrus latus	False	False	False
Aulopus japonicus	False	False	False
Triplophysa rosa	False	False	False
Platycephalus indicus	False	False	False
Eleotris acanthopoma	False	False	False
Schizopygopsis thermalis	False	False	False
Iso hawaiiensis	False	False	False
Pollachius pollachius	True	False	False
Megalobrama terminalis	False	False	False
Squalogadus modificatus	False	False	False
Spinibarbus caldwelli	False	False	False
Hiodon alosoides	False	False	False
Scombrolabrax heterolepis	False	False	False
Haplophryne mollis	False	False	False
Osmerus mordax	False	False	False
Polypterus mokelembembe	False	False	False
Lepomis macrochirus	True	False	False
Macrorhamphosodes uradoi	False	False	False
Epinephelus stictus	False	False	False
Antigonia capros	False	False	False
Psenes cyanophrys	False	False	False
Nothobranchius furzeri	False	False	False
Lepidocybium flavobrunneum	False	False	False
Cynotilapia afra	False	False	False
Scomberomorus semifasciatus	False	False	False
Monodactylus argenteus	False	False	False
Leiocassis longirostris	False	False	False
Salvelinus alpinus	True	False	False
Cymatogaster aggregata	False	True	False
Procetichthys kreffti	False	False	False
Enophrys diceraus	False	False	False
Chaeturichthys stigmatias	False	False	False
Parakneria cameronensis	False	False	False
Scomberomorus munroi	False	False	False
Oxymonacanthus longirostris	False	False	False
Mormyrops anguilloides	False	False	False
Pervagor janthinosoma	False	False	False
Canthidermis maculata	False	False	False
Chaetodon auripes	False	False	False
Balistes vetula	False	False	False
Pleuronichthys cornutus	False	False	False
Dissostichus eleginoides	False	False	False
Bolinichthys pyrsobolus	False	False	False
Puntius tetrazona	False	False	False
Nematalosa japonica	False	False	False
Polypterus palmas	False	False	False
Echeneis naucrates	False	False	False
Takifugu chrysops	False	False	False
Neoscopelus macrolepidotus	False	False	False
Puntius denisonii	False	False	False
Tribolodon hakonensis	False	False	False
Boulengeromyrus knoepffleri	False	False	False
Mormyrus rume	False	False	False
Ostichthys japonicus	False	False	False
Serrivomer beanii	False	False	False
Microthrissa royauxi	False	False	False
Lagocephalus lunaris	False	False	False
Lobianchia gemellarii	False	False	False
Pseudobagrus tokiensis	False	False	False
Zanclus cornutus	False	False	False
Melanocetus johnsoni	True	False	False
Anguilla nebulosa	False	False	False
Labeo calbasu	True	False	False
Alburnus istanbulensis	False	False	False
Pegasus volitans	False	False	False
Normichthys operosus	False	False	False
Myroconger compressus	False	False	False
Acheilognathus typus	False	False	False
Spinibarbus sinensis	False	False	False
Liza affinis	False	False	False
Diplomystes nahuelbutaensis	False	False	False
Oryzias javanicus	False	False	False
Harpadon microchir	False	False	False
Ranzania laevis	False	False	False
Tetraodon palembangensis	False	False	False
Prosopium williamsoni	False	False	False
Diogenichthys atlanticus	False	False	False
Trichiurus lepturus	False	False	True
Genyochromis mento	False	False	False
Trypauchen vagina	False	False	True
Seriola lalandi	False	False	False
Sarcocheilichthys parvus	False	False	False
Epinephelus trimaculatus	False	False	False
Novumbra hubbsi	False	False	False
Antennatus coccineus	False	False	False
Serrivomer sector	False	False	False
Stolephorus waitei	False	False	False
Sirembo imberbis	False	False	False
Monognathus jesperseni	False	False	False
Arapaima gigas	True	False	False
Tribolodon nakamurai	False	False	False
Heteroconger hassi	False	False	False
Monotrete cochinchinensis	False	False	False
Dorosoma petenense	False	False	False
Leptobotia mantschurica	False	False	False
Scarus rubroviolaceus	False	False	False
Cycleptus elongatus	False	False	False
Pseudaspius leptocephalus	False	False	False
Brama japonica	False	False	False
Auchenoglanis occidentalis	False	False	False
Pseudobagrus ussuriensis	False	False	False
Chrysochir aureus	False	False	False
Clinocottus analis	True	False	False
Thryssa baelama	False	False	False
Oryzias sarasinorum	False	False	False
Eleutheronema tetradactylum	False	False	False
Elops hawaiensis	False	False	False
Diplotaxodon limnothrissa	False	False	False
Scarus forsteni	False	False	False
